y,Cement (component 1)(kg in a m^3 mixture),Blast Furnace Slag (component 2)(kg in a m^3 mixture),Fly Ash (component 3)(kg in a m^3 mixture),Water  (component 4)(kg in a m^3 mixture),Superplasticizer (component 5)(kg in a m^3 mixture),Coarse Aggregate  (component 6)(kg in a m^3 mixture),Fine Aggregate (component 7)(kg in a m^3 mixture),Age (day)
38.33,250.0 ,0.0 ,95.7 ,187.4 ,5.5 ,956.9 ,861 ,56.00 
56.61,331.0 ,170.0 ,0.0 ,195.0 ,8.0 ,811.0 ,802 ,28.00 
19.42,190.3 ,0.0 ,125.2 ,166.6 ,9.9 ,1079.0 ,799 ,14.00 
58.78,525.0 ,0.0 ,0.0 ,189.0 ,0.0 ,1125.0 ,613 ,90.00 
30.96,297.0 ,0.0 ,0.0 ,186.0 ,0.0 ,1040.0 ,734 ,7.00 
29.87,143.7 ,170.2 ,132.6 ,191.6 ,8.5 ,814.1 ,805 ,28.00 
71.3,362.6 ,189.0 ,0.0 ,164.9 ,11.6 ,944.7 ,756 ,28.00 
47.71,277.2 ,97.8 ,24.5 ,160.7 ,11.2 ,1061.7 ,783 ,14.00 
43.57,277.0 ,117.0 ,91.0 ,191.0 ,7.0 ,946.0 ,666 ,28.00 
44.64,213.5 ,0.0 ,174.2 ,159.2 ,11.7 ,1043.6 ,772 ,28.00 
27.68,158.6 ,148.9 ,116.0 ,175.1 ,15.0 ,953.3 ,720 ,28.00 
38.61,359.0 ,19.0 ,141.0 ,154.0 ,10.9 ,942.0 ,801 ,7.00 
26.26,237.5 ,237.5 ,0.0 ,228.0 ,0.0 ,932.0 ,594 ,7.00 
14.5,281.0 ,0.0 ,0.0 ,186.0 ,0.0 ,1104.0 ,774 ,7.00 
10.22,255.0 ,0.0 ,0.0 ,192.0 ,0.0 ,889.8 ,945 ,7.00 
28.47,190.3 ,0.0 ,125.2 ,161.9 ,9.9 ,1088.1 ,803 ,28.00 
4.78,153.0 ,102.0 ,0.0 ,192.0 ,0.0 ,888.0 ,943 ,3.00 
27.34,350.0 ,0.0 ,0.0 ,203.0 ,0.0 ,974.0 ,775 ,28.00 
17.95,148.0 ,0.0 ,137.0 ,158.0 ,16.0 ,1002.0 ,830 ,28.00 
12.55,190.3 ,0.0 ,125.2 ,166.6 ,9.9 ,1079.0 ,799 ,3.00 
33.54,166.1 ,0.0 ,163.3 ,176.5 ,4.5 ,1058.6 ,780 ,100.00 
27.92,385.0 ,0.0 ,0.0 ,186.0 ,0.0 ,966.0 ,763 ,14.00 
79.3,362.6 ,189.0 ,0.0 ,164.9 ,11.6 ,944.7 ,756 ,91.00 
29.39,296.0 ,0.0 ,0.0 ,192.0 ,0.0 ,1085.0 ,765 ,90.00 
32.84,160.0 ,188.0 ,146.0 ,203.0 ,11.0 ,829.0 ,710 ,28.00 
6.27,385.0 ,0.0 ,0.0 ,186.0 ,0.0 ,966.0 ,763 ,1.00 
24.4,480.0 ,0.0 ,0.0 ,192.0 ,0.0 ,936.2 ,712 ,3.00 
39,424.0 ,22.0 ,132.0 ,178.0 ,8.5 ,822.0 ,750 ,7.00 
14.2,275.0 ,0.0 ,0.0 ,183.0 ,0.0 ,1088.0 ,808 ,7.00 
55.45,355.0 ,19.0 ,97.0 ,145.0 ,12.3 ,967.0 ,871 ,28.00 
39.3,439.0 ,177.0 ,0.0 ,186.0 ,11.1 ,884.9 ,708 ,3.00 
45.71,213.7 ,98.1 ,24.5 ,181.7 ,6.9 ,1065.8 ,785 ,28.00 
40.76,380.0 ,95.0 ,0.0 ,228.0 ,0.0 ,932.0 ,594 ,180.00 
56.83,528.0 ,0.0 ,0.0 ,185.0 ,6.9 ,920.0 ,720 ,28.00 
60.2,375.0 ,93.8 ,0.0 ,126.6 ,23.4 ,852.1 ,993 ,56.00 
53.3,380.0 ,0.0 ,0.0 ,228.0 ,0.0 ,932.0 ,670 ,270.00 
17.84,213.8 ,98.1 ,24.5 ,181.7 ,6.7 ,1066.0 ,786 ,14.00 
11.48,252.5 ,0.0 ,0.0 ,185.7 ,0.0 ,1111.6 ,784 ,7.00 
41.93,475.0 ,0.0 ,0.0 ,228.0 ,0.0 ,932.0 ,594 ,365.00 
24.99,194.7 ,0.0 ,100.5 ,165.6 ,7.5 ,1006.4 ,906 ,14.00 
40.68,326.0 ,0.0 ,138.0 ,199.0 ,11.0 ,801.0 ,792 ,28.00 
39.78,332.5 ,142.5 ,0.0 ,228.0 ,0.0 ,932.0 ,594 ,180.00 
15.52,167.0 ,75.4 ,167.0 ,164.0 ,7.9 ,1007.3 ,770 ,3.00 
24.05,183.9 ,122.6 ,0.0 ,203.5 ,0.0 ,959.2 ,800 ,28.00 
39.16,178.0 ,129.8 ,118.6 ,179.9 ,3.6 ,1007.3 ,747 ,28.00 
13.09,220.8 ,147.2 ,0.0 ,185.7 ,0.0 ,1055.0 ,744 ,7.00 
19.77,272.8 ,181.9 ,0.0 ,185.7 ,0.0 ,1012.4 ,714 ,7.00 
23.79,155.0 ,183.0 ,0.0 ,193.0 ,9.0 ,877.0 ,868 ,28.00 
8.54,158.0 ,0.0 ,195.0 ,220.0 ,11.0 ,898.0 ,713 ,28.00 
39.64,250.0 ,0.0 ,95.7 ,191.8 ,5.3 ,948.9 ,857 ,56.00 
53.46,167.0 ,75.4 ,167.0 ,164.0 ,7.9 ,1007.3 ,770 ,56.00 
37.26,321.0 ,0.0 ,128.0 ,182.0 ,11.0 ,870.0 ,780 ,28.00 
20.97,339.0 ,0.0 ,0.0 ,197.0 ,0.0 ,968.0 ,781 ,7.00 
36.3,425.0 ,106.3 ,0.0 ,151.4 ,18.6 ,936.0 ,804 ,3.00 
46.24,289.0 ,134.0 ,0.0 ,195.0 ,6.0 ,924.0 ,760 ,28.00 
13.62,181.4 ,0.0 ,167.0 ,169.6 ,7.6 ,1055.6 ,778 ,3.00 
15.34,218.9 ,0.0 ,124.1 ,158.5 ,11.3 ,1078.7 ,795 ,3.00 
65.2,425.0 ,106.3 ,0.0 ,153.5 ,16.5 ,852.1 ,887 ,91.00 
33.73,231.8 ,0.0 ,121.6 ,174.0 ,6.7 ,1056.4 ,779 ,28.00 
19.52,212.0 ,0.0 ,124.8 ,159.0 ,7.8 ,1085.4 ,800 ,3.00 
14.94,167.4 ,129.9 ,128.6 ,175.5 ,7.8 ,1006.3 ,747 ,3.00 
31.97,333.0 ,0.0 ,0.0 ,192.0 ,0.0 ,931.2 ,843 ,28.00 
41.89,277.1 ,0.0 ,97.4 ,160.6 ,11.8 ,973.9 ,876 ,14.00 
30.14,400.0 ,0.0 ,0.0 ,187.0 ,0.0 ,1025.0 ,745 ,7.00 
50.7,388.6 ,97.1 ,0.0 ,157.9 ,12.1 ,852.1 ,926 ,28.00 
36.35,151.8 ,178.1 ,138.7 ,167.5 ,18.3 ,944.0 ,695 ,28.00 
45.08,212.0 ,0.0 ,124.8 ,159.0 ,7.8 ,1085.4 ,800 ,56.00 
43.7,427.5 ,47.5 ,0.0 ,228.0 ,0.0 ,932.0 ,594 ,365.00 
49.2,425.0 ,106.3 ,0.0 ,153.5 ,16.5 ,852.1 ,887 ,7.00 
44.61,142.0 ,167.0 ,130.0 ,174.0 ,11.0 ,883.0 ,785 ,28.00 
65.2,425.0 ,106.3 ,0.0 ,153.5 ,16.5 ,852.1 ,887 ,91.00 
12.37,181.9 ,272.8 ,0.0 ,185.7 ,0.0 ,1012.4 ,714 ,7.00 
27.77,181.4 ,0.0 ,167.0 ,169.6 ,7.6 ,1055.6 ,778 ,28.00 
26.86,153.0 ,239.0 ,0.0 ,200.0 ,6.0 ,1002.0 ,684 ,28.00 
29.45,222.4 ,0.0 ,96.7 ,189.3 ,4.5 ,967.1 ,870 ,56.00 
18.29,154.8 ,183.4 ,0.0 ,193.3 ,9.1 ,1047.4 ,697 ,28.00 
37.17,272.8 ,105.1 ,81.8 ,209.7 ,9.0 ,904.0 ,680 ,28.00 
51.26,213.5 ,0.0 ,174.2 ,159.2 ,11.7 ,1043.6 ,772 ,56.00 
53.52,298.0 ,137.0 ,107.0 ,201.0 ,6.0 ,878.0 ,655 ,28.00 
26.86,152.6 ,238.7 ,0.0 ,200.0 ,6.3 ,1001.8 ,684 ,28.00 
53.66,167.4 ,129.9 ,128.6 ,175.5 ,7.8 ,1006.3 ,747 ,100.00 
68.1,318.8 ,212.5 ,0.0 ,155.7 ,14.3 ,852.1 ,880 ,91.00 
30.12,304.8 ,0.0 ,99.6 ,196.0 ,9.8 ,959.4 ,705 ,28.00 
18.91,296.0 ,0.0 ,0.0 ,186.0 ,0.0 ,1090.0 ,769 ,7.00 
37.42,382.0 ,0.0 ,0.0 ,185.0 ,0.0 ,1047.0 ,739 ,28.00 
74.36,424.0 ,22.0 ,132.0 ,168.0 ,8.9 ,822.0 ,750 ,56.00 
10.73,170.3 ,155.5 ,0.0 ,185.7 ,0.0 ,1026.6 ,724 ,7.00 
13.22,339.0 ,0.0 ,0.0 ,197.0 ,0.0 ,968.0 ,781 ,3.00 
36.97,251.4 ,0.0 ,118.3 ,188.5 ,5.8 ,1028.4 ,758 ,56.00 
33.42,304.0 ,140.0 ,0.0 ,214.0 ,6.0 ,895.0 ,722 ,28.00 
21.02,251.8 ,0.0 ,99.9 ,146.1 ,12.4 ,1006.0 ,900 ,3.00 
27.63,254.0 ,0.0 ,0.0 ,198.0 ,0.0 ,968.0 ,863 ,180.00 
19.11,393.0 ,0.0 ,0.0 ,192.0 ,0.0 ,940.0 ,758 ,3.00 
11.85,310.0 ,0.0 ,0.0 ,192.0 ,0.0 ,1012.0 ,830 ,3.00 
49.25,200.0 ,200.0 ,0.0 ,190.0 ,0.0 ,1145.0 ,660 ,28.00 
39.06,374.3 ,0.0 ,0.0 ,190.2 ,6.7 ,1013.2 ,730 ,28.00 
29.16,145.0 ,116.0 ,119.0 ,184.0 ,5.7 ,833.0 ,880 ,28.00 
36.94,397.0 ,0.0 ,0.0 ,186.0 ,0.0 ,1040.0 ,734 ,28.00 
33.02,332.5 ,142.5 ,0.0 ,228.0 ,0.0 ,932.0 ,594 ,28.00 
43.25,200.0 ,133.0 ,0.0 ,192.0 ,0.0 ,965.4 ,806 ,90.00 
20.73,178.0 ,129.8 ,118.6 ,179.9 ,3.6 ,1007.3 ,747 ,3.00 
27.22,250.0 ,0.0 ,95.7 ,191.8 ,5.3 ,948.9 ,857 ,28.00 
39.42,266.0 ,112.0 ,87.0 ,178.0 ,10.0 ,910.0 ,745 ,28.00 
76.8,286.3 ,200.9 ,0.0 ,144.7 ,11.2 ,1004.6 ,804 ,91.00 
35.85,172.4 ,13.6 ,172.4 ,156.8 ,4.1 ,1006.3 ,856 ,56.00 
44.52,284.0 ,15.0 ,141.0 ,179.0 ,5.5 ,842.0 ,801 ,56.00 
15.53,148.1 ,0.0 ,182.1 ,181.4 ,15.0 ,838.9 ,884 ,28.00 
9.62,158.8 ,238.2 ,0.0 ,185.7 ,0.0 ,1040.6 ,734 ,7.00 
9.73,250.2 ,166.8 ,0.0 ,203.5 ,0.0 ,977.6 ,694 ,3.00 
52.12,342.0 ,38.0 ,0.0 ,228.0 ,0.0 ,932.0 ,670 ,180.00 
46.23,218.9 ,0.0 ,124.1 ,158.5 ,11.3 ,1078.7 ,795 ,100.00 
79.4,389.9 ,189.0 ,0.0 ,145.9 ,22.0 ,944.7 ,756 ,56.00 
12.18,152.0 ,0.0 ,112.0 ,184.0 ,8.0 ,992.0 ,816 ,28.00 
32.85,168.0 ,42.1 ,163.8 ,121.8 ,5.7 ,1058.7 ,780 ,56.00 
33.06,146.0 ,230.0 ,0.0 ,202.0 ,3.0 ,827.0 ,872 ,28.00 
61.92,525.0 ,0.0 ,0.0 ,189.0 ,0.0 ,1125.0 ,613 ,180.00 
51.06,249.1 ,0.0 ,98.8 ,158.1 ,12.8 ,987.8 ,889 ,100.00 
50.51,522.0 ,0.0 ,0.0 ,146.0 ,0.0 ,896.0 ,896 ,7.00 
69.3,469.0 ,117.2 ,0.0 ,137.8 ,32.2 ,852.1 ,841 ,56.00 
17.2,193.5 ,290.2 ,0.0 ,185.7 ,0.0 ,998.2 ,704 ,7.00 
27.92,310.0 ,0.0 ,0.0 ,192.0 ,0.0 ,970.0 ,850 ,28.00 
15.03,212.0 ,141.3 ,0.0 ,203.5 ,0.0 ,973.4 ,750 ,7.00 
10.35,122.6 ,183.9 ,0.0 ,203.5 ,0.0 ,958.2 ,800 ,7.00 
28.63,237.0 ,92.0 ,71.0 ,247.0 ,6.0 ,853.0 ,695 ,28.00 
27.42,218.2 ,54.6 ,123.8 ,140.8 ,11.9 ,1075.7 ,793 ,3.00 
51.04,277.1 ,0.0 ,97.4 ,160.6 ,11.8 ,973.9 ,876 ,56.00 
33.4,252.0 ,97.0 ,76.0 ,194.0 ,8.0 ,835.0 ,821 ,28.00 
37.23,331.0 ,0.0 ,0.0 ,192.0 ,0.0 ,978.0 ,825 ,90.00 
10.79,183.9 ,122.6 ,0.0 ,203.5 ,0.0 ,959.2 ,800 ,7.00 
31.35,229.7 ,0.0 ,118.2 ,195.2 ,6.1 ,1028.1 ,758 ,56.00 
60.29,425.0 ,106.3 ,0.0 ,153.5 ,16.5 ,852.1 ,887 ,28.00 
48.4,525.0 ,0.0 ,0.0 ,189.0 ,0.0 ,1125.0 ,613 ,14.00 
31.42,296.0 ,0.0 ,106.7 ,221.4 ,10.5 ,819.2 ,778 ,28.00 
43.58,251.4 ,0.0 ,118.3 ,188.5 ,5.8 ,1028.4 ,758 ,100.00 
72.3,475.0 ,118.8 ,0.0 ,181.1 ,8.9 ,852.1 ,782 ,56.00 
26.74,302.0 ,0.0 ,0.0 ,203.0 ,0.0 ,974.0 ,817 ,180.00 
53.77,173.5 ,50.1 ,173.5 ,164.8 ,6.5 ,1006.2 ,794 ,56.00 
25.75,220.8 ,147.2 ,0.0 ,185.7 ,0.0 ,1055.0 ,744 ,28.00 
25.12,359.0 ,19.0 ,141.0 ,154.0 ,10.9 ,942.0 ,801 ,3.00 
21.82,210.7 ,316.1 ,0.0 ,185.7 ,0.0 ,977.0 ,689 ,7.00 
29.59,213.5 ,0.0 ,174.2 ,159.2 ,11.7 ,1043.6 ,772 ,14.00 
56.5,379.5 ,151.2 ,0.0 ,153.9 ,15.9 ,1134.3 ,605 ,91.00 
39.4,160.0 ,128.0 ,122.0 ,182.0 ,6.4 ,824.0 ,879 ,28.00 
17.96,153.0 ,102.0 ,0.0 ,192.0 ,0.0 ,888.0 ,943 ,28.00 
13.52,331.0 ,0.0 ,0.0 ,192.0 ,0.0 ,978.0 ,825 ,3.00 
43.5,182.0 ,45.2 ,122.0 ,170.2 ,8.2 ,1059.4 ,781 ,56.00 
26.31,212.5 ,0.0 ,100.4 ,159.3 ,8.7 ,1007.8 ,904 ,14.00 
36.84,387.0 ,20.0 ,94.0 ,157.0 ,14.3 ,938.0 ,845 ,7.00 
31.72,190.3 ,0.0 ,125.2 ,166.6 ,9.9 ,1079.0 ,799 ,56.00 
33.73,213.7 ,0.0 ,174.7 ,154.8 ,10.2 ,1053.5 ,776 ,14.00 
29.65,251.4 ,0.0 ,118.3 ,188.5 ,5.8 ,1028.4 ,758 ,28.00 
31.18,322.2 ,0.0 ,115.6 ,196.0 ,10.4 ,817.9 ,813 ,28.00 
41.94,287.0 ,121.0 ,94.0 ,188.0 ,9.0 ,904.0 ,696 ,28.00 
39.42,266.2 ,112.3 ,87.5 ,177.9 ,10.4 ,909.7 ,745 ,28.00 
46.8,425.0 ,106.3 ,0.0 ,151.4 ,18.6 ,936.0 ,804 ,7.00 
79.3,362.6 ,189.0 ,0.0 ,164.9 ,11.6 ,944.7 ,756 ,91.00 
17.96,148.1 ,0.0 ,136.6 ,158.1 ,16.1 ,1001.8 ,830 ,28.00 
37.92,491.0 ,26.0 ,123.0 ,201.0 ,3.9 ,822.0 ,699 ,7.00 
21.54,166.1 ,0.0 ,163.3 ,176.5 ,4.5 ,1058.6 ,780 ,28.00 
9.74,155.0 ,0.0 ,143.0 ,193.0 ,9.0 ,877.0 ,868 ,28.00 
33.69,172.4 ,13.6 ,172.4 ,156.8 ,4.1 ,1006.3 ,856 ,28.00 
59.2,531.3 ,0.0 ,0.0 ,141.8 ,28.2 ,852.1 ,894 ,91.00 
4.9,183.9 ,122.6 ,0.0 ,203.5 ,0.0 ,959.2 ,800 ,3.00 
42.13,349.0 ,0.0 ,0.0 ,192.0 ,0.0 ,1047.0 ,806 ,360.00 
42.55,212.5 ,0.0 ,100.4 ,159.3 ,8.7 ,1007.8 ,904 ,56.00 
14.6,289.0 ,0.0 ,0.0 ,192.0 ,0.0 ,913.2 ,895 ,7.00 
14.99,310.0 ,0.0 ,0.0 ,192.0 ,0.0 ,970.0 ,850 ,7.00 
29.55,491.0 ,26.0 ,123.0 ,201.0 ,3.9 ,822.0 ,699 ,3.00 
12.79,192.0 ,288.0 ,0.0 ,192.0 ,0.0 ,929.8 ,716 ,3.00 
46.9,531.3 ,0.0 ,0.0 ,141.8 ,28.2 ,852.1 ,894 ,7.00 
44.7,139.6 ,209.4 ,0.0 ,192.0 ,0.0 ,1047.0 ,807 ,360.00 
23.35,446.0 ,24.0 ,79.0 ,162.0 ,11.6 ,967.0 ,712 ,3.00 
31.97,376.0 ,0.0 ,0.0 ,214.6 ,0.0 ,1003.5 ,762 ,28.00 
39.44,239.6 ,359.4 ,0.0 ,185.7 ,0.0 ,941.6 ,664 ,28.00 
77.3,362.6 ,189.0 ,0.0 ,164.9 ,11.6 ,944.7 ,756 ,56.00 
16.5,153.6 ,144.2 ,112.3 ,220.1 ,10.1 ,923.2 ,658 ,28.00 
23.85,436.0 ,0.0 ,0.0 ,218.0 ,0.0 ,838.4 ,720 ,28.00 
28.02,198.6 ,132.4 ,0.0 ,192.0 ,0.0 ,978.4 ,826 ,28.00 
65.2,425.0 ,106.3 ,0.0 ,153.5 ,16.5 ,852.1 ,887 ,91.00 
65.91,366.0 ,187.0 ,0.0 ,191.3 ,6.6 ,824.3 ,757 ,28.00 
20.42,236.0 ,157.0 ,0.0 ,192.0 ,0.0 ,972.6 ,749 ,7.00 
20.87,250.0 ,0.0 ,0.0 ,182.0 ,0.0 ,1100.0 ,820 ,28.00 
39.29,475.0 ,0.0 ,0.0 ,228.0 ,0.0 ,932.0 ,594 ,28.00 
57.23,475.0 ,0.0 ,59.0 ,142.0 ,1.9 ,1098.0 ,641 ,28.00 
17.28,102.0 ,153.0 ,0.0 ,192.0 ,0.0 ,887.0 ,942 ,28.00 
47.28,333.0 ,17.5 ,163.0 ,167.0 ,17.9 ,996.0 ,652 ,28.00 
56.7,375.0 ,93.8 ,0.0 ,126.6 ,23.4 ,852.1 ,993 ,28.00 
49.19,304.0 ,76.0 ,0.0 ,228.0 ,0.0 ,932.0 ,670 ,90.00 
58.52,475.0 ,0.0 ,0.0 ,162.0 ,9.5 ,1044.0 ,662 ,28.00 
48.28,277.1 ,0.0 ,97.4 ,160.6 ,11.8 ,973.9 ,876 ,28.00 
18.13,349.0 ,0.0 ,0.0 ,192.0 ,0.0 ,1047.0 ,806 ,7.00 
66.9,469.0 ,117.2 ,0.0 ,137.8 ,32.2 ,852.1 ,841 ,28.00 
33.4,252.1 ,97.1 ,75.6 ,193.8 ,8.3 ,835.5 ,821 ,28.00 
7.72,108.3 ,162.4 ,0.0 ,203.5 ,0.0 ,938.2 ,849 ,7.00 
30.08,237.5 ,237.5 ,0.0 ,228.0 ,0.0 ,932.0 ,594 ,28.00 
9.56,203.5 ,305.3 ,0.0 ,203.5 ,0.0 ,963.4 ,630 ,3.00 
33.76,162.0 ,190.1 ,148.1 ,178.8 ,18.8 ,838.1 ,741 ,28.00 
55.64,277.1 ,0.0 ,97.4 ,160.6 ,11.8 ,973.9 ,876 ,100.00 
37.43,427.5 ,47.5 ,0.0 ,228.0 ,0.0 ,932.0 ,594 ,28.00 
38.56,190.3 ,0.0 ,125.2 ,161.9 ,9.9 ,1088.1 ,803 ,56.00 
40.15,213.7 ,0.0 ,174.7 ,154.8 ,10.2 ,1053.5 ,776 ,28.00 
30.65,162.0 ,214.0 ,164.0 ,202.0 ,10.0 ,820.0 ,680 ,28.00 
34.24,178.0 ,129.8 ,118.6 ,179.9 ,3.6 ,1007.3 ,747 ,14.00 
37.27,194.7 ,0.0 ,100.5 ,170.2 ,7.5 ,998.0 ,902 ,28.00 
39.7,212.0 ,141.3 ,0.0 ,203.5 ,0.0 ,973.4 ,750 ,90.00 
24.13,284.0 ,15.0 ,141.0 ,179.0 ,5.5 ,842.0 ,801 ,7.00 
39.38,331.0 ,0.0 ,0.0 ,192.0 ,0.0 ,1025.0 ,821 ,120.00 
32.77,159.1 ,186.7 ,0.0 ,175.6 ,11.3 ,989.6 ,789 ,28.00 
37.72,332.5 ,142.5 ,0.0 ,228.0 ,0.0 ,932.0 ,594 ,90.00 
28.99,155.2 ,183.9 ,143.2 ,193.8 ,9.2 ,879.6 ,699 ,28.00 
40.93,313.3 ,145.0 ,0.0 ,178.5 ,8.0 ,867.2 ,824 ,28.00 
24.1,337.9 ,189.0 ,0.0 ,174.9 ,9.5 ,944.7 ,756 ,3.00 
44.03,355.0 ,19.0 ,97.0 ,145.0 ,13.1 ,967.0 ,871 ,28.00 
35.34,230.0 ,0.0 ,118.3 ,195.5 ,4.6 ,1029.4 ,759 ,100.00 
41.64,540.0 ,0.0 ,0.0 ,173.0 ,0.0 ,1125.0 ,613 ,3.00 
52.43,322.5 ,148.6 ,0.0 ,185.8 ,8.5 ,951.0 ,710 ,28.00 
10.54,145.4 ,0.0 ,178.9 ,201.7 ,7.8 ,824.0 ,869 ,28.00 
31.42,296.0 ,0.0 ,107.0 ,221.0 ,11.0 ,819.0 ,778 ,28.00 
21.16,339.0 ,0.0 ,0.0 ,185.0 ,0.0 ,1069.0 ,754 ,7.00 
36.45,339.0 ,0.0 ,0.0 ,197.0 ,0.0 ,968.0 ,781 ,180.00 
35.34,190.7 ,0.0 ,125.4 ,162.1 ,7.8 ,1090.0 ,804 ,56.00 
42.42,525.0 ,0.0 ,0.0 ,189.0 ,0.0 ,1125.0 ,613 ,7.00 
24.58,149.0 ,153.0 ,194.0 ,192.0 ,8.0 ,935.0 ,623 ,28.00 
61.8,425.0 ,106.3 ,0.0 ,151.4 ,18.6 ,936.0 ,804 ,28.00 
19.01,152.7 ,144.7 ,0.0 ,178.1 ,8.0 ,999.7 ,822 ,28.00 
12.47,212.1 ,0.0 ,121.6 ,180.3 ,5.7 ,1057.6 ,779 ,3.00 
40.93,284.0 ,119.7 ,0.0 ,168.3 ,7.2 ,970.4 ,794 ,28.00 
35.3,362.6 ,189.0 ,0.0 ,164.9 ,11.6 ,944.7 ,756 ,3.00 
26.91,238.2 ,158.8 ,0.0 ,185.7 ,0.0 ,1040.6 ,734 ,28.00 
36.8,313.0 ,0.0 ,113.0 ,178.0 ,8.0 ,1002.0 ,689 ,28.00 
12.46,155.0 ,0.0 ,143.0 ,193.0 ,9.0 ,1047.0 ,697 ,28.00 
12.18,151.6 ,0.0 ,111.9 ,184.4 ,7.9 ,992.0 ,816 ,28.00 
38.46,314.0 ,0.0 ,113.0 ,170.0 ,10.0 ,925.0 ,783 ,28.00 
17.54,238.0 ,0.0 ,0.0 ,185.0 ,0.0 ,1118.0 ,789 ,28.00 
32.33,277.0 ,0.0 ,0.0 ,191.0 ,0.0 ,968.0 ,856 ,180.00 
13.57,236.0 ,157.0 ,0.0 ,192.0 ,0.0 ,972.6 ,749 ,3.00 
21.26,277.0 ,0.0 ,0.0 ,191.0 ,0.0 ,968.0 ,856 ,14.00 
24.54,229.7 ,0.0 ,118.2 ,195.2 ,6.1 ,1028.1 ,758 ,28.00 
12.25,200.0 ,0.0 ,0.0 ,180.0 ,0.0 ,1125.0 ,845 ,28.00 
36.64,251.4 ,0.0 ,118.3 ,188.5 ,6.4 ,1028.4 ,758 ,56.00 
39.3,446.0 ,24.0 ,79.0 ,162.0 ,11.6 ,967.0 ,712 ,7.00 
35.23,139.7 ,163.9 ,127.7 ,236.7 ,5.8 ,868.6 ,656 ,28.00 
13.18,213.8 ,98.1 ,24.5 ,181.7 ,6.7 ,1066.0 ,786 ,3.00 
12.54,307.0 ,0.0 ,0.0 ,193.0 ,0.0 ,968.0 ,812 ,3.00 
15.61,213.5 ,0.0 ,174.2 ,159.2 ,11.7 ,1043.6 ,772 ,3.00 
33.08,397.0 ,0.0 ,0.0 ,185.7 ,0.0 ,1040.6 ,734 ,28.00 
23.51,168.9 ,42.2 ,124.3 ,158.3 ,10.8 ,1080.8 ,796 ,14.00 
64.9,425.0 ,106.3 ,0.0 ,151.4 ,18.6 ,936.0 ,804 ,56.00 
16.26,331.0 ,0.0 ,0.0 ,192.0 ,0.0 ,978.0 ,825 ,7.00 
30.28,332.5 ,142.5 ,0.0 ,228.0 ,0.0 ,932.0 ,594 ,7.00 
60.95,252.3 ,0.0 ,98.8 ,146.3 ,14.2 ,987.8 ,889 ,100.00 
74.5,389.9 ,189.0 ,0.0 ,145.9 ,22.0 ,944.7 ,756 ,28.00 
22.32,229.7 ,0.0 ,118.2 ,195.2 ,6.1 ,1028.1 ,758 ,14.00 
8,186.2 ,124.1 ,0.0 ,185.7 ,0.0 ,1083.4 ,764 ,7.00 
15.04,190.7 ,0.0 ,125.4 ,162.1 ,7.8 ,1090.0 ,804 ,3.00 
13.46,150.7 ,0.0 ,185.3 ,166.7 ,15.6 ,1074.5 ,678 ,28.00 
30.44,200.0 ,133.0 ,0.0 ,192.0 ,0.0 ,965.4 ,806 ,28.00 
41.54,427.5 ,47.5 ,0.0 ,228.0 ,0.0 ,932.0 ,594 ,90.00 
67.7,286.3 ,200.9 ,0.0 ,144.7 ,11.2 ,1004.6 ,804 ,28.00 
37.68,172.4 ,13.6 ,172.4 ,156.8 ,4.1 ,1006.3 ,856 ,100.00 
39.59,238.1 ,0.0 ,94.1 ,186.7 ,7.0 ,949.9 ,847 ,56.00 
18.42,236.0 ,0.0 ,0.0 ,194.0 ,0.0 ,968.0 ,885 ,28.00 
33.7,277.0 ,0.0 ,0.0 ,191.0 ,0.0 ,968.0 ,856 ,360.00 
61.46,387.0 ,20.0 ,94.0 ,157.0 ,11.6 ,938.0 ,845 ,56.00 
52.91,380.0 ,0.0 ,0.0 ,228.0 ,0.0 ,932.0 ,670 ,90.00 
34.9,388.6 ,97.1 ,0.0 ,157.9 ,12.1 ,852.1 ,926 ,7.00 
23.89,167.0 ,187.0 ,195.0 ,185.0 ,7.0 ,898.0 ,636 ,28.00 
21.95,236.0 ,0.0 ,0.0 ,194.0 ,0.0 ,968.0 ,885 ,90.00 
32.72,145.9 ,230.5 ,0.0 ,202.5 ,3.4 ,827.0 ,872 ,28.00 
21.91,297.2 ,0.0 ,117.5 ,174.8 ,9.5 ,1022.8 ,754 ,3.00 
47.22,500.0 ,0.0 ,0.0 ,200.0 ,0.0 ,1125.0 ,613 ,90.00 
45.3,310.0 ,143.0 ,0.0 ,168.0 ,10.0 ,914.0 ,804 ,28.00 
26.05,218.9 ,0.0 ,124.1 ,158.5 ,11.3 ,1078.7 ,795 ,14.00 
41.37,516.0 ,0.0 ,0.0 ,162.0 ,8.3 ,801.0 ,802 ,28.00 
71.7,439.0 ,177.0 ,0.0 ,186.0 ,11.1 ,884.9 ,708 ,56.00 
75.5,401.8 ,94.7 ,0.0 ,147.4 ,11.4 ,946.8 ,852 ,91.00 
11.58,222.4 ,0.0 ,96.7 ,189.3 ,4.5 ,967.1 ,870 ,3.00 
35.86,298.0 ,0.0 ,107.0 ,164.0 ,13.0 ,953.0 ,784 ,28.00 
32.72,349.0 ,0.0 ,0.0 ,192.0 ,0.0 ,1047.0 ,806 ,28.00 
35.3,362.6 ,189.0 ,0.0 ,164.9 ,11.6 ,944.7 ,756 ,3.00 
23.84,300.0 ,0.0 ,120.0 ,212.0 ,10.0 ,878.0 ,728 ,28.00 
7.84,200.0 ,0.0 ,0.0 ,180.0 ,0.0 ,1125.0 ,845 ,7.00 
36.45,380.0 ,95.0 ,0.0 ,228.0 ,0.0 ,932.0 ,594 ,28.00 
40.66,349.0 ,0.0 ,0.0 ,192.0 ,0.0 ,1056.0 ,809 ,90.00 
55.65,397.0 ,17.2 ,158.0 ,167.0 ,20.8 ,967.0 ,633 ,28.00 
22.5,290.4 ,0.0 ,96.2 ,168.1 ,9.4 ,961.2 ,865 ,3.00 
14.8,295.0 ,0.0 ,0.0 ,185.0 ,0.0 ,1069.0 ,769 ,7.00 
8.49,250.0 ,0.0 ,95.7 ,191.8 ,5.3 ,948.9 ,857 ,3.00 
68.75,359.0 ,19.0 ,141.0 ,154.0 ,10.9 ,942.0 ,801 ,56.00 
54.32,480.0 ,0.0 ,0.0 ,192.0 ,0.0 ,936.2 ,712 ,90.00 
37.42,382.0 ,0.0 ,0.0 ,186.0 ,0.0 ,1047.0 ,739 ,28.00 
55.55,385.0 ,0.0 ,136.0 ,158.0 ,20.0 ,903.0 ,768 ,28.00 
64.9,374.0 ,189.2 ,0.0 ,170.1 ,10.1 ,926.1 ,757 ,91.00 
39.45,160.0 ,250.0 ,0.0 ,168.0 ,12.0 ,1049.0 ,688 ,28.00 
67.31,540.0 ,0.0 ,0.0 ,173.0 ,0.0 ,1125.0 ,613 ,28.00 
19.35,250.2 ,166.8 ,0.0 ,203.5 ,0.0 ,977.6 ,694 ,7.00 
39.6,393.0 ,0.0 ,0.0 ,192.0 ,0.0 ,940.6 ,786 ,28.00 
13.4,284.0 ,15.0 ,141.0 ,179.0 ,5.5 ,842.0 ,801 ,3.00 
54.9,379.5 ,151.2 ,0.0 ,153.9 ,15.9 ,1134.3 ,605 ,56.00 
41.54,264.5 ,111.0 ,86.5 ,195.5 ,5.9 ,832.6 ,790 ,28.00 
30.22,218.9 ,0.0 ,124.1 ,158.5 ,11.3 ,1078.7 ,795 ,28.00 
42.64,298.1 ,0.0 ,107.0 ,186.4 ,6.1 ,879.0 ,815 ,28.00 
33.8,255.3 ,98.8 ,77.0 ,188.6 ,6.5 ,919.0 ,749 ,28.00 
47.13,213.8 ,98.1 ,24.5 ,181.7 ,6.7 ,1066.0 ,786 ,56.00 
54.77,446.0 ,24.0 ,79.0 ,162.0 ,10.3 ,967.0 ,712 ,56.00 
39.32,192.0 ,288.0 ,0.0 ,192.0 ,0.0 ,929.8 ,716 ,28.00 
36.56,165.0 ,0.0 ,143.6 ,163.8 ,0.0 ,1005.6 ,901 ,56.00 
25.42,239.6 ,359.4 ,0.0 ,185.7 ,0.0 ,941.6 ,664 ,7.00 
10.39,141.3 ,212.0 ,0.0 ,203.5 ,0.0 ,971.8 ,749 ,7.00 
17.54,238.0 ,0.0 ,0.0 ,186.0 ,0.0 ,1119.0 ,789 ,28.00 
17.24,255.5 ,170.3 ,0.0 ,185.7 ,0.0 ,1026.6 ,724 ,7.00 
28.8,313.3 ,262.2 ,0.0 ,175.5 ,8.6 ,1046.9 ,612 ,3.00 
78.8,451.0 ,0.0 ,0.0 ,165.0 ,11.3 ,1030.0 ,745 ,28.00 
19.2,393.0 ,0.0 ,0.0 ,192.0 ,0.0 ,940.6 ,786 ,3.00 
43.57,166.8 ,250.2 ,0.0 ,203.5 ,0.0 ,975.6 ,693 ,90.00 
55.9,362.6 ,189.0 ,0.0 ,164.9 ,11.6 ,944.7 ,756 ,7.00 
59.89,337.9 ,189.0 ,0.0 ,174.9 ,9.5 ,944.7 ,756 ,56.00 
11.65,289.0 ,0.0 ,0.0 ,192.0 ,0.0 ,913.2 ,895 ,3.00 
41.24,331.0 ,0.0 ,0.0 ,192.0 ,0.0 ,978.0 ,825 ,360.00 
15.57,151.0 ,0.0 ,184.0 ,167.0 ,12.0 ,991.0 ,772 ,28.00 
33.19,122.6 ,183.9 ,0.0 ,203.5 ,0.0 ,958.2 ,800 ,90.00 
44.28,194.7 ,0.0 ,100.5 ,170.2 ,7.5 ,998.0 ,902 ,100.00 
51.86,203.5 ,305.3 ,0.0 ,203.5 ,0.0 ,963.4 ,630 ,90.00 
39.61,212.1 ,0.0 ,121.6 ,180.3 ,5.7 ,1057.6 ,779 ,100.00 
82.6,389.9 ,189.0 ,0.0 ,145.9 ,22.0 ,944.7 ,756 ,91.00 
38.77,275.1 ,0.0 ,121.4 ,159.5 ,9.9 ,1053.6 ,778 ,14.00 
15.05,349.0 ,0.0 ,0.0 ,192.0 ,0.0 ,1047.0 ,807 ,3.00 
74.17,540.0 ,0.0 ,0.0 ,173.0 ,0.0 ,1125.0 ,613 ,270.00 
31.84,339.0 ,0.0 ,0.0 ,185.0 ,0.0 ,1069.0 ,754 ,28.00 
61.86,491.0 ,26.0 ,123.0 ,201.0 ,3.9 ,822.0 ,699 ,56.00 
45.37,181.4 ,0.0 ,167.0 ,169.6 ,7.6 ,1055.6 ,778 ,100.00 
40.56,380.0 ,95.0 ,0.0 ,228.0 ,0.0 ,932.0 ,594 ,90.00 
43.8,287.3 ,120.5 ,93.9 ,187.6 ,9.2 ,904.4 ,696 ,28.00 
42.03,249.1 ,0.0 ,98.8 ,158.1 ,12.8 ,987.8 ,889 ,56.00 
48.85,393.0 ,0.0 ,0.0 ,192.0 ,0.0 ,940.6 ,786 ,90.00 
23.79,154.8 ,183.4 ,0.0 ,193.3 ,9.1 ,877.2 ,868 ,28.00 
32.96,149.5 ,236.0 ,0.0 ,175.8 ,12.6 ,846.8 ,893 ,28.00 
55.9,362.6 ,189.0 ,0.0 ,164.9 ,11.6 ,944.7 ,756 ,7.00 
59,356.0 ,119.0 ,0.0 ,160.0 ,9.0 ,1061.0 ,657 ,28.00 
6.28,116.0 ,173.0 ,0.0 ,192.0 ,0.0 ,909.8 ,892 ,3.00 
22.75,387.0 ,20.0 ,94.0 ,157.0 ,14.3 ,938.0 ,845 ,3.00 
24.1,236.0 ,0.0 ,0.0 ,193.0 ,0.0 ,968.0 ,885 ,180.00 
44.87,336.5 ,0.0 ,0.0 ,181.9 ,3.4 ,985.8 ,817 ,28.00 
30.23,238.1 ,0.0 ,94.1 ,186.7 ,7.0 ,949.9 ,847 ,28.00 
16.89,157.0 ,236.0 ,0.0 ,192.0 ,0.0 ,935.4 ,781 ,7.00 
9.13,198.6 ,132.4 ,0.0 ,192.0 ,0.0 ,978.4 ,826 ,3.00 
27.83,310.0 ,0.0 ,0.0 ,192.0 ,0.0 ,1012.0 ,830 ,28.00 
33.69,310.0 ,143.0 ,111.0 ,168.0 ,22.0 ,914.0 ,651 ,28.00 
56.62,330.5 ,169.6 ,0.0 ,194.9 ,8.1 ,811.0 ,802 ,28.00 
42.29,252.3 ,0.0 ,98.8 ,146.3 ,14.2 ,987.8 ,889 ,14.00 
40.29,424.0 ,22.0 ,132.0 ,168.0 ,8.9 ,822.0 ,750 ,7.00 
47.74,212.6 ,0.0 ,100.4 ,159.4 ,10.4 ,1003.8 ,904 ,100.00 
32.53,183.9 ,122.6 ,0.0 ,203.5 ,0.0 ,959.2 ,800 ,90.00 
6.81,212.0 ,141.3 ,0.0 ,203.5 ,0.0 ,973.4 ,750 ,3.00 
39.58,393.0 ,0.0 ,0.0 ,192.0 ,0.0 ,940.0 ,758 ,28.00 
24,382.0 ,0.0 ,0.0 ,185.0 ,0.0 ,1047.0 ,739 ,7.00 
56.63,214.9 ,53.8 ,121.9 ,155.6 ,9.6 ,1014.3 ,781 ,100.00 
29.41,156.0 ,178.0 ,187.0 ,221.0 ,7.0 ,854.0 ,614 ,28.00 
35.87,298.1 ,0.0 ,107.5 ,163.6 ,12.8 ,953.2 ,784 ,28.00 
36.99,297.2 ,0.0 ,117.5 ,174.8 ,9.5 ,1022.8 ,754 ,14.00 
54.38,304.0 ,76.0 ,0.0 ,228.0 ,0.0 ,932.0 ,670 ,270.00 
21.07,158.8 ,238.2 ,0.0 ,185.7 ,0.0 ,1040.6 ,734 ,28.00 
66.42,246.8 ,0.0 ,125.1 ,143.3 ,12.0 ,1086.8 ,801 ,100.00 
71.99,485.0 ,0.0 ,0.0 ,146.0 ,0.0 ,1120.0 ,800 ,28.00 
29.89,141.3 ,212.0 ,0.0 ,203.5 ,0.0 ,971.8 ,749 ,28.00 
35.3,362.6 ,189.0 ,0.0 ,164.9 ,11.6 ,944.7 ,756 ,3.00 
28.3,323.7 ,282.8 ,0.0 ,183.8 ,10.3 ,942.7 ,660 ,3.00 
34.56,233.8 ,0.0 ,94.6 ,197.9 ,4.6 ,947.0 ,852 ,100.00 
35.17,339.0 ,0.0 ,0.0 ,197.0 ,0.0 ,968.0 ,781 ,90.00 
37.36,156.0 ,243.0 ,0.0 ,180.0 ,11.0 ,1022.0 ,698 ,28.00 
24.92,250.0 ,0.0 ,95.7 ,187.4 ,5.5 ,956.9 ,861 ,14.00 
25.22,295.8 ,0.0 ,0.0 ,185.7 ,0.0 ,1091.4 ,769 ,28.00 
6.88,133.0 ,200.0 ,0.0 ,192.0 ,0.0 ,927.4 ,839 ,3.00 
20.08,230.0 ,0.0 ,118.3 ,195.5 ,4.6 ,1029.4 ,759 ,14.00 
52.82,280.0 ,129.0 ,100.0 ,172.0 ,9.0 ,825.0 ,805 ,28.00 
33.27,251.4 ,0.0 ,118.3 ,192.9 ,5.8 ,1043.6 ,754 ,28.00 
40.23,213.8 ,98.1 ,24.5 ,181.7 ,6.7 ,1066.0 ,786 ,28.00 
72.1,424.0 ,22.0 ,132.0 ,168.0 ,8.9 ,822.0 ,750 ,28.00 
23.84,299.8 ,0.0 ,119.8 ,211.5 ,9.9 ,878.2 ,728 ,28.00 
50.94,173.8 ,93.4 ,159.9 ,172.3 ,9.7 ,1007.2 ,747 ,100.00 
43.39,194.7 ,0.0 ,100.5 ,170.2 ,7.5 ,998.0 ,902 ,56.00 
52.2,379.5 ,151.2 ,0.0 ,153.9 ,15.9 ,1134.3 ,605 ,28.00 
23.8,275.1 ,0.0 ,121.4 ,159.5 ,9.9 ,1053.6 ,778 ,3.00 
35.96,218.2 ,54.6 ,123.8 ,140.8 ,11.9 ,1075.7 ,793 ,14.00 
69.66,540.0 ,0.0 ,0.0 ,173.0 ,0.0 ,1125.0 ,613 ,90.00 
33.4,318.8 ,212.5 ,0.0 ,155.7 ,14.3 ,852.1 ,880 ,7.00 
49.9,337.9 ,189.0 ,0.0 ,174.9 ,9.5 ,944.7 ,756 ,28.00 
15.42,143.6 ,0.0 ,174.9 ,158.4 ,17.9 ,942.7 ,845 ,28.00 
35.23,295.7 ,0.0 ,95.6 ,171.5 ,8.9 ,955.1 ,859 ,14.00 
35.08,427.5 ,47.5 ,0.0 ,228.0 ,0.0 ,932.0 ,594 ,7.00 
24.28,194.7 ,0.0 ,100.5 ,170.2 ,7.5 ,998.0 ,902 ,14.00 
44.28,276.0 ,116.0 ,90.0 ,180.0 ,9.0 ,870.0 ,768 ,28.00 
38.02,446.0 ,24.0 ,79.0 ,162.0 ,11.6 ,967.0 ,712 ,7.00 
22.35,116.0 ,173.0 ,0.0 ,192.0 ,0.0 ,909.8 ,892 ,28.00 
32.9,167.0 ,75.4 ,167.0 ,164.0 ,7.9 ,1007.3 ,770 ,14.00 
26.97,136.0 ,196.0 ,98.0 ,199.0 ,6.0 ,847.0 ,783 ,28.00 
12.73,250.0 ,0.0 ,0.0 ,182.0 ,0.0 ,1100.0 ,820 ,7.00 
52.83,279.8 ,128.9 ,100.4 ,172.4 ,9.5 ,825.1 ,805 ,28.00 
37.92,166.0 ,259.7 ,0.0 ,183.2 ,12.7 ,858.8 ,827 ,28.00 
40.87,355.9 ,0.0 ,141.6 ,193.3 ,11.0 ,801.4 ,778 ,28.00 
44.09,500.0 ,0.0 ,0.0 ,200.0 ,0.0 ,1125.0 ,613 ,28.00 
35.76,310.0 ,0.0 ,0.0 ,192.0 ,0.0 ,1012.0 ,830 ,90.00 
37.33,310.0 ,0.0 ,0.0 ,192.0 ,0.0 ,970.0 ,850 ,180.00 
25.02,446.0 ,24.0 ,79.0 ,162.0 ,11.6 ,967.0 ,712 ,3.00 
52.52,380.0 ,0.0 ,0.0 ,228.0 ,0.0 ,932.0 ,670 ,365.00 
50.6,252.3 ,0.0 ,98.8 ,146.3 ,14.2 ,987.8 ,889 ,28.00 
20.77,322.0 ,0.0 ,0.0 ,203.0 ,0.0 ,974.0 ,800 ,14.00 
41.54,265.0 ,111.0 ,86.0 ,195.0 ,6.0 ,833.0 ,790 ,28.00 
36.35,152.0 ,178.0 ,139.0 ,168.0 ,18.0 ,944.0 ,695 ,28.00 
46.25,289.0 ,133.7 ,0.0 ,194.9 ,5.5 ,924.1 ,760 ,28.00 
43.89,480.0 ,0.0 ,0.0 ,192.0 ,0.0 ,936.0 ,721 ,28.00 
57.92,491.0 ,26.0 ,123.0 ,201.0 ,3.9 ,822.0 ,699 ,28.00 
13.54,212.5 ,0.0 ,100.4 ,159.3 ,8.7 ,1007.8 ,904 ,3.00 
24.43,251.4 ,0.0 ,118.3 ,188.5 ,6.4 ,1028.4 ,758 ,14.00 
21.6,181.4 ,0.0 ,167.0 ,169.6 ,7.6 ,1055.6 ,778 ,14.00 
47.81,304.0 ,76.0 ,0.0 ,228.0 ,0.0 ,932.0 ,670 ,28.00 
11.17,225.0 ,0.0 ,0.0 ,181.0 ,0.0 ,1113.0 ,833 ,7.00 
31.45,331.0 ,0.0 ,0.0 ,192.0 ,0.0 ,978.0 ,825 ,28.00 
46.68,387.0 ,20.0 ,94.0 ,157.0 ,13.9 ,938.0 ,845 ,28.00 
30.39,213.7 ,98.1 ,24.5 ,181.7 ,6.9 ,1065.8 ,785 ,14.00 
62.94,359.0 ,19.0 ,141.0 ,154.0 ,10.9 ,942.0 ,801 ,28.00 
27.94,181.9 ,272.8 ,0.0 ,185.7 ,0.0 ,1012.4 ,714 ,28.00 
49.2,425.0 ,106.3 ,0.0 ,153.5 ,16.5 ,852.1 ,887 ,7.00 
79.3,362.6 ,189.0 ,0.0 ,164.9 ,11.6 ,944.7 ,756 ,91.00 
34.29,350.0 ,0.0 ,0.0 ,186.0 ,0.0 ,1050.0 ,770 ,28.00 
40.93,284.0 ,120.0 ,0.0 ,168.0 ,7.0 ,970.0 ,794 ,28.00 
25.57,289.0 ,0.0 ,0.0 ,192.0 ,0.0 ,913.2 ,895 ,28.00 
55.06,342.0 ,38.0 ,0.0 ,228.0 ,0.0 ,932.0 ,670 ,270.00 
56.1,439.0 ,177.0 ,0.0 ,186.0 ,11.1 ,884.9 ,708 ,7.00 
17.44,331.0 ,0.0 ,0.0 ,192.0 ,0.0 ,1025.0 ,821 ,7.00 
38.7,310.0 ,0.0 ,0.0 ,192.0 ,0.0 ,1012.0 ,830 ,120.00 
50.73,192.0 ,288.0 ,0.0 ,192.0 ,0.0 ,929.8 ,716 ,90.00 
55.94,525.0 ,0.0 ,0.0 ,189.0 ,0.0 ,1125.0 ,613 ,28.00 
24.29,122.6 ,183.9 ,0.0 ,203.5 ,0.0 ,958.2 ,800 ,28.00 
10.54,145.0 ,0.0 ,179.0 ,202.0 ,8.0 ,824.0 ,869 ,28.00 
13.29,135.0 ,0.0 ,166.0 ,180.0 ,10.0 ,961.0 ,805 ,28.00 
47.97,387.0 ,20.0 ,94.0 ,157.0 ,13.9 ,938.0 ,845 ,56.00 
30.88,159.0 ,209.0 ,161.0 ,201.0 ,7.0 ,848.0 ,669 ,28.00 
36.59,133.0 ,200.0 ,0.0 ,192.0 ,0.0 ,927.4 ,839 ,90.00 
33.3,132.0 ,207.0 ,161.0 ,179.0 ,5.0 ,867.0 ,736 ,28.00 
31.27,182.0 ,45.2 ,122.0 ,170.2 ,8.2 ,1059.4 ,781 ,28.00 
41.72,198.6 ,132.4 ,0.0 ,192.0 ,0.0 ,978.4 ,826 ,180.00 
12.64,500.0 ,0.0 ,0.0 ,200.0 ,0.0 ,1125.0 ,613 ,1.00 
37.8,475.0 ,118.8 ,0.0 ,181.1 ,8.9 ,852.1 ,782 ,3.00 
9.69,157.0 ,236.0 ,0.0 ,192.0 ,0.0 ,935.4 ,781 ,3.00 
18.03,164.6 ,0.0 ,150.4 ,181.6 ,11.7 ,1023.3 ,729 ,28.00 
50.46,342.0 ,38.0 ,0.0 ,228.0 ,0.0 ,932.0 ,670 ,90.00 
43.7,400.0 ,0.0 ,0.0 ,187.0 ,0.0 ,1025.0 ,745 ,28.00 
42.33,190.0 ,190.0 ,0.0 ,228.0 ,0.0 ,932.0 ,670 ,90.00 
30.12,305.0 ,0.0 ,100.0 ,196.0 ,10.0 ,959.0 ,705 ,28.00 
37.81,210.7 ,316.1 ,0.0 ,185.7 ,0.0 ,977.0 ,689 ,28.00 
28.6,379.5 ,151.2 ,0.0 ,153.9 ,15.9 ,1134.3 ,605 ,3.00 
28.24,139.6 ,209.4 ,0.0 ,192.0 ,0.0 ,1047.0 ,807 ,28.00 
67.87,250.0 ,180.0 ,95.0 ,159.0 ,9.5 ,860.0 ,800 ,28.00 
10.76,166.1 ,0.0 ,163.3 ,176.5 ,4.5 ,1058.6 ,780 ,3.00 
33.4,425.0 ,106.3 ,0.0 ,153.5 ,16.5 ,852.1 ,887 ,3.00 
30.57,325.0 ,0.0 ,0.0 ,184.0 ,0.0 ,1063.0 ,783 ,28.00 
48.97,290.4 ,0.0 ,96.2 ,168.1 ,9.4 ,961.2 ,865 ,100.00 
43.38,157.0 ,236.0 ,0.0 ,192.0 ,0.0 ,935.4 ,781 ,90.00 
52.01,446.0 ,24.0 ,79.0 ,162.0 ,11.6 ,967.0 ,712 ,7.00 
21.86,290.2 ,193.5 ,0.0 ,185.7 ,0.0 ,998.2 ,704 ,7.00 
32.24,273.0 ,0.0 ,90.0 ,199.0 ,11.0 ,931.0 ,762 ,28.00 
8.2,255.0 ,0.0 ,0.0 ,192.0 ,0.0 ,889.8 ,945 ,3.00 
18.28,155.0 ,183.0 ,0.0 ,193.0 ,9.0 ,1047.0 ,697 ,28.00 
56.74,297.2 ,0.0 ,117.5 ,174.8 ,9.5 ,1022.8 ,754 ,100.00 
9.45,190.3 ,0.0 ,125.2 ,161.9 ,9.9 ,1088.1 ,803 ,3.00 
44.3,238.1 ,0.0 ,94.1 ,186.7 ,7.0 ,949.9 ,847 ,100.00 
42.14,288.4 ,121.0 ,0.0 ,177.4 ,7.0 ,907.9 ,830 ,28.00 
65.91,366.0 ,187.0 ,0.0 ,191.0 ,7.0 ,824.0 ,757 ,28.00 
64.3,425.0 ,106.3 ,0.0 ,153.5 ,16.5 ,852.1 ,887 ,56.00 
25.73,170.3 ,155.5 ,0.0 ,185.7 ,0.0 ,1026.6 ,724 ,28.00 
55.25,446.0 ,24.0 ,79.0 ,162.0 ,11.6 ,967.0 ,712 ,56.00 
19.77,252.5 ,0.0 ,0.0 ,185.7 ,0.0 ,1111.6 ,784 ,28.00 
14.54,381.4 ,0.0 ,0.0 ,185.7 ,0.0 ,1104.6 ,784 ,7.00 
55.9,362.6 ,189.0 ,0.0 ,164.9 ,11.6 ,944.7 ,756 ,7.00 
65.7,424.0 ,22.0 ,132.0 ,178.0 ,8.5 ,822.0 ,750 ,56.00 
18.02,214.9 ,53.8 ,121.9 ,155.6 ,9.6 ,1014.3 ,781 ,3.00 
19.69,252.0 ,0.0 ,0.0 ,185.0 ,0.0 ,1111.0 ,784 ,28.00 
56.06,173.5 ,50.1 ,173.5 ,164.8 ,6.5 ,1006.2 ,794 ,100.00 
68.5,401.8 ,94.7 ,0.0 ,147.4 ,11.4 ,946.8 ,852 ,28.00 
36.15,307.0 ,0.0 ,0.0 ,193.0 ,0.0 ,968.0 ,812 ,365.00 
7.4,168.9 ,42.2 ,124.3 ,158.3 ,10.8 ,1080.8 ,796 ,3.00 
13.46,151.0 ,0.0 ,185.0 ,167.0 ,16.0 ,1074.0 ,678 ,28.00 
40.27,332.5 ,142.5 ,0.0 ,228.0 ,0.0 ,932.0 ,594 ,270.00 
9.74,154.8 ,0.0 ,142.8 ,193.3 ,9.1 ,877.2 ,868 ,28.00 
72.99,286.3 ,200.9 ,0.0 ,144.7 ,11.2 ,1004.6 ,804 ,56.00 
41.2,167.4 ,129.9 ,128.6 ,175.5 ,7.8 ,1006.3 ,747 ,28.00 
66,439.0 ,177.0 ,0.0 ,186.0 ,11.1 ,884.9 ,708 ,28.00 
59.3,213.5 ,0.0 ,174.2 ,154.6 ,11.7 ,1052.3 ,776 ,100.00 
11.36,277.0 ,0.0 ,0.0 ,191.0 ,0.0 ,968.0 ,856 ,3.00 
33.49,491.0 ,26.0 ,123.0 ,210.0 ,3.9 ,882.0 ,699 ,7.00 
77.3,362.6 ,189.0 ,0.0 ,164.9 ,11.6 ,944.7 ,756 ,56.00 
23.64,359.0 ,19.0 ,141.0 ,154.0 ,10.9 ,942.0 ,801 ,3.00 
36.44,139.9 ,132.6 ,103.3 ,200.3 ,7.4 ,916.0 ,753 ,28.00 
66.6,313.3 ,262.2 ,0.0 ,175.5 ,8.6 ,1046.9 ,612 ,91.00 
44.39,313.0 ,145.0 ,0.0 ,178.0 ,8.0 ,867.0 ,824 ,28.00 
54.6,305.3 ,203.5 ,0.0 ,203.5 ,0.0 ,965.4 ,631 ,90.00 
79.3,362.6 ,189.0 ,0.0 ,164.9 ,11.6 ,944.7 ,756 ,91.00 
58.8,531.3 ,0.0 ,0.0 ,141.8 ,28.2 ,852.1 ,894 ,56.00 
33.61,349.0 ,0.0 ,0.0 ,192.0 ,0.0 ,1056.0 ,809 ,28.00 
7.32,182.0 ,45.2 ,122.0 ,170.2 ,8.2 ,1059.4 ,781 ,3.00 
51.33,275.1 ,0.0 ,121.4 ,159.5 ,9.9 ,1053.6 ,778 ,28.00 
7.51,135.7 ,203.5 ,0.0 ,185.7 ,0.0 ,1076.2 ,759 ,7.00 
33.95,166.8 ,250.2 ,0.0 ,203.5 ,0.0 ,975.6 ,693 ,28.00 
36.25,237.5 ,237.5 ,0.0 ,228.0 ,0.0 ,932.0 ,594 ,180.00 
39.3,234.0 ,156.0 ,0.0 ,189.0 ,5.9 ,981.0 ,760 ,28.00 
23.74,146.0 ,173.0 ,0.0 ,182.0 ,3.0 ,986.0 ,817 ,28.00 
27.87,133.0 ,200.0 ,0.0 ,192.0 ,0.0 ,927.4 ,839 ,28.00 
46.23,314.0 ,145.0 ,113.0 ,179.0 ,8.0 ,869.0 ,690 ,28.00 
42.35,250.0 ,0.0 ,95.7 ,187.4 ,5.5 ,956.9 ,861 ,100.00 
33.42,303.6 ,139.9 ,0.0 ,213.5 ,6.2 ,895.5 ,723 ,28.00 
33.31,132.0 ,206.5 ,160.9 ,178.9 ,5.5 ,866.9 ,736 ,28.00 
30.85,249.1 ,0.0 ,98.8 ,158.1 ,12.8 ,987.8 ,889 ,28.00 
61.24,325.6 ,166.4 ,0.0 ,174.0 ,8.9 ,881.6 ,790 ,28.00 
43.94,480.0 ,0.0 ,0.0 ,192.0 ,0.0 ,936.2 ,712 ,28.00 
15.07,202.0 ,11.0 ,141.0 ,206.0 ,1.7 ,942.0 ,801 ,7.00 
54.28,480.0 ,0.0 ,0.0 ,192.0 ,0.0 ,936.0 ,721 ,90.00 
31.25,277.0 ,0.0 ,0.0 ,191.0 ,0.0 ,968.0 ,856 ,90.00 
13.2,145.0 ,0.0 ,134.0 ,181.0 ,11.0 ,979.0 ,812 ,28.00 
32.01,424.0 ,22.0 ,132.0 ,178.0 ,8.5 ,882.0 ,750 ,3.00 
40.86,229.7 ,0.0 ,118.2 ,195.2 ,6.1 ,1028.1 ,758 ,100.00 
11.47,382.0 ,0.0 ,0.0 ,186.0 ,0.0 ,1111.0 ,784 ,7.00 
21.18,339.2 ,0.0 ,0.0 ,185.7 ,0.0 ,1069.2 ,754 ,7.00 
62.05,424.0 ,22.0 ,132.0 ,178.0 ,8.5 ,822.0 ,750 ,28.00 
74.7,323.7 ,282.8 ,0.0 ,183.8 ,10.3 ,942.7 ,660 ,28.00 
22.44,281.0 ,0.0 ,0.0 ,185.0 ,0.0 ,1104.0 ,774 ,28.00 
41.05,313.3 ,145.0 ,0.0 ,178.5 ,8.0 ,1001.9 ,689 ,28.00 
26.92,148.0 ,175.0 ,0.0 ,171.0 ,2.0 ,1000.0 ,828 ,28.00 
25.18,295.0 ,0.0 ,0.0 ,185.0 ,0.0 ,1069.0 ,769 ,28.00 
32.11,424.0 ,22.0 ,132.0 ,168.0 ,8.9 ,822.0 ,750 ,3.00 
44.61,141.9 ,166.6 ,129.7 ,173.5 ,10.9 ,882.6 ,785 ,28.00 
22.49,381.4 ,0.0 ,0.0 ,185.7 ,0.0 ,1104.6 ,784 ,28.00 
31.12,168.9 ,42.2 ,124.3 ,158.3 ,10.8 ,1080.8 ,796 ,28.00 
15.44,231.8 ,0.0 ,121.6 ,174.0 ,6.7 ,1056.4 ,779 ,3.00 
4.57,102.0 ,153.0 ,0.0 ,192.0 ,0.0 ,887.0 ,942 ,3.00 
22.44,281.0 ,0.0 ,0.0 ,186.0 ,0.0 ,1104.0 ,774 ,28.00 
7.75,168.0 ,42.1 ,163.8 ,121.8 ,5.7 ,1058.7 ,780 ,3.00 
48.99,173.8 ,93.4 ,159.9 ,172.3 ,9.7 ,1007.2 ,747 ,56.00 
15.82,173.8 ,93.4 ,159.9 ,172.3 ,9.7 ,1007.2 ,747 ,3.00 
15.34,144.0 ,15.0 ,195.0 ,176.0 ,6.0 ,1021.0 ,709 ,28.00 
57.22,321.3 ,164.2 ,0.0 ,190.5 ,4.6 ,870.0 ,774 ,28.00 
35.3,362.6 ,189.0 ,0.0 ,164.9 ,11.6 ,944.7 ,756 ,3.00 
49.77,259.9 ,100.6 ,78.4 ,170.6 ,10.4 ,935.7 ,763 ,28.00 
76.24,275.0 ,180.0 ,120.0 ,162.0 ,10.4 ,830.0 ,765 ,28.00 
24.66,250.0 ,0.0 ,95.7 ,191.8 ,5.3 ,948.9 ,857 ,14.00 
71.3,362.6 ,189.0 ,0.0 ,164.9 ,11.6 ,944.7 ,756 ,28.00 
56.4,531.3 ,0.0 ,0.0 ,141.8 ,28.2 ,852.1 ,894 ,28.00 
33.7,213.5 ,0.0 ,174.2 ,154.6 ,11.7 ,1052.3 ,776 ,14.00 
45.7,375.0 ,93.8 ,0.0 ,126.6 ,23.4 ,852.1 ,993 ,7.00 
45.3,310.0 ,142.8 ,0.0 ,167.9 ,10.0 ,914.3 ,804 ,28.00 
39.15,168.9 ,42.2 ,124.3 ,158.3 ,10.8 ,1080.8 ,796 ,56.00 
33,212.0 ,141.3 ,0.0 ,203.5 ,0.0 ,973.4 ,750 ,28.00 
42.64,298.0 ,0.0 ,107.0 ,186.0 ,6.0 ,879.0 ,815 ,28.00 
18,213.7 ,98.1 ,24.5 ,181.7 ,6.9 ,1065.8 ,785 ,3.00 
47.4,297.2 ,0.0 ,117.5 ,174.8 ,9.5 ,1022.8 ,754 ,28.00 
74.99,522.0 ,0.0 ,0.0 ,146.0 ,0.0 ,896.0 ,896 ,28.00 
48.79,393.0 ,0.0 ,0.0 ,192.0 ,0.0 ,940.0 ,758 ,90.00 
15.75,166.8 ,250.2 ,0.0 ,203.5 ,0.0 ,975.6 ,693 ,7.00 
2.33,108.3 ,162.4 ,0.0 ,203.5 ,0.0 ,938.2 ,849 ,3.00 
48.7,266.0 ,114.0 ,0.0 ,228.0 ,0.0 ,932.0 ,670 ,180.00 
23.08,173.5 ,50.1 ,173.5 ,164.8 ,6.5 ,1006.2 ,794 ,3.00 
40.86,190.0 ,190.0 ,0.0 ,228.0 ,0.0 ,932.0 ,670 ,28.00 
15.62,333.0 ,0.0 ,0.0 ,192.0 ,0.0 ,931.2 ,843 ,3.00 
53.58,285.0 ,190.0 ,0.0 ,163.0 ,7.6 ,1031.0 ,685 ,28.00 
26.23,153.0 ,145.0 ,113.0 ,178.0 ,8.0 ,867.0 ,824 ,28.00 
52.3,405.0 ,0.0 ,0.0 ,175.0 ,0.0 ,1120.0 ,695 ,28.00 
40.15,251.4 ,0.0 ,118.3 ,192.9 ,5.8 ,1043.6 ,754 ,100.00 
24.34,154.0 ,174.0 ,185.0 ,228.0 ,7.0 ,845.0 ,612 ,28.00 
43.01,427.5 ,47.5 ,0.0 ,228.0 ,0.0 ,932.0 ,594 ,270.00 
37.17,273.0 ,105.0 ,82.0 ,210.0 ,9.0 ,904.0 ,680 ,28.00 
27.53,307.0 ,0.0 ,0.0 ,193.0 ,0.0 ,968.0 ,812 ,28.00 
42.7,231.8 ,0.0 ,121.6 ,174.0 ,6.7 ,1056.4 ,779 ,56.00 
37.34,194.7 ,0.0 ,100.5 ,165.6 ,7.5 ,1006.4 ,906 ,100.00 
34.2,212.1 ,0.0 ,121.6 ,180.3 ,5.7 ,1057.6 ,779 ,56.00 
66.95,277.2 ,97.8 ,24.5 ,160.7 ,11.2 ,1061.7 ,783 ,100.00 
33.76,162.0 ,190.0 ,148.0 ,179.0 ,19.0 ,838.0 ,741 ,28.00 
43.06,376.0 ,0.0 ,0.0 ,214.6 ,0.0 ,1003.5 ,762 ,100.00 
25.1,312.7 ,0.0 ,0.0 ,178.1 ,8.0 ,999.7 ,822 ,28.00 
31.64,212.5 ,0.0 ,100.4 ,159.3 ,8.7 ,1007.8 ,904 ,28.00 
25.56,153.0 ,145.0 ,113.0 ,178.0 ,8.0 ,1002.0 ,689 ,28.00 
13.52,331.0 ,0.0 ,0.0 ,192.0 ,0.0 ,879.0 ,825 ,3.00 
46.64,213.7 ,0.0 ,174.7 ,154.8 ,10.2 ,1053.5 ,776 ,56.00 
63.53,218.2 ,54.6 ,123.8 ,140.8 ,11.9 ,1075.7 ,793 ,100.00 
17.22,251.4 ,0.0 ,118.3 ,188.5 ,5.8 ,1028.4 ,758 ,3.00 
50.77,213.7 ,98.1 ,24.5 ,181.7 ,6.9 ,1065.8 ,785 ,56.00 
8.06,139.6 ,209.4 ,0.0 ,192.0 ,0.0 ,1047.0 ,807 ,3.00 
27.23,164.0 ,163.0 ,128.0 ,197.0 ,8.0 ,961.0 ,641 ,28.00 
48.72,295.7 ,0.0 ,95.6 ,171.5 ,8.9 ,955.1 ,859 ,56.00 
55.2,388.6 ,97.1 ,0.0 ,157.9 ,12.1 ,852.1 ,926 ,56.00 
22.53,350.0 ,0.0 ,0.0 ,203.0 ,0.0 ,974.0 ,775 ,14.00 
28.68,249.1 ,0.0 ,98.8 ,158.1 ,12.8 ,987.8 ,889 ,14.00 
33.8,255.0 ,99.0 ,77.0 ,189.0 ,6.0 ,919.0 ,749 ,28.00 
38.22,309.9 ,142.8 ,111.2 ,167.8 ,22.1 ,913.9 ,651 ,28.00 
47.1,379.5 ,151.2 ,0.0 ,153.9 ,15.9 ,1134.3 ,605 ,7.00 
36.96,250.2 ,166.8 ,0.0 ,203.5 ,0.0 ,977.6 ,694 ,28.00 
52.45,312.9 ,160.5 ,0.0 ,177.6 ,9.6 ,916.6 ,760 ,28.00 
73.3,439.0 ,177.0 ,0.0 ,186.0 ,11.1 ,884.9 ,708 ,91.00 
25.72,194.7 ,0.0 ,100.5 ,165.6 ,7.5 ,1006.4 ,906 ,28.00 
29.07,136.0 ,162.0 ,126.0 ,172.0 ,10.0 ,923.0 ,764 ,28.00 
43.73,284.0 ,15.0 ,141.0 ,179.0 ,5.5 ,842.0 ,801 ,28.00 
19.93,238.1 ,0.0 ,94.1 ,186.7 ,7.0 ,949.9 ,847 ,3.00 
38.11,310.0 ,0.0 ,0.0 ,192.0 ,0.0 ,970.0 ,850 ,360.00 
20.92,212.1 ,0.0 ,121.6 ,180.3 ,5.7 ,1057.6 ,779 ,14.00 
39.38,450.1 ,50.0 ,0.0 ,200.0 ,3.0 ,1124.4 ,613 ,28.00 
43.7,380.0 ,95.0 ,0.0 ,228.0 ,0.0 ,932.0 ,594 ,365.00 
31.74,331.0 ,0.0 ,0.0 ,192.0 ,0.0 ,1025.0 ,821 ,28.00 
3.32,122.6 ,183.9 ,0.0 ,203.5 ,0.0 ,958.2 ,800 ,3.00 
24.85,190.3 ,0.0 ,125.2 ,166.6 ,9.9 ,1079.0 ,799 ,28.00 
26.4,190.7 ,0.0 ,125.4 ,162.1 ,7.8 ,1090.0 ,804 ,28.00 
70.7,469.0 ,117.2 ,0.0 ,137.8 ,32.2 ,852.1 ,841 ,91.00 
32.72,350.0 ,0.0 ,0.0 ,203.0 ,0.0 ,974.0 ,775 ,180.00 
34.68,310.0 ,0.0 ,0.0 ,192.0 ,0.0 ,970.0 ,850 ,90.00 
25.62,376.0 ,0.0 ,0.0 ,214.6 ,0.0 ,1003.5 ,762 ,14.00 
8.54,158.4 ,0.0 ,194.9 ,219.7 ,11.0 ,897.7 ,713 ,28.00 
11.96,203.5 ,135.7 ,0.0 ,185.7 ,0.0 ,1076.2 ,759 ,7.00 
56.81,167.0 ,75.4 ,167.0 ,164.0 ,7.9 ,1007.3 ,770 ,100.00 
52.2,214.9 ,53.8 ,121.9 ,155.6 ,9.6 ,1014.3 ,781 ,28.00 
50.24,387.0 ,20.0 ,94.0 ,157.0 ,14.3 ,938.0 ,845 ,28.00 
39.05,374.0 ,0.0 ,0.0 ,190.0 ,7.0 ,1013.0 ,730 ,28.00 
47.82,212.0 ,0.0 ,124.8 ,159.0 ,7.8 ,1085.4 ,800 ,100.00 
55.55,491.0 ,26.0 ,123.0 ,210.0 ,3.9 ,882.0 ,699 ,28.00 
51.02,446.0 ,24.0 ,79.0 ,162.0 ,11.6 ,967.0 ,712 ,28.00 
57.21,321.0 ,164.0 ,0.0 ,190.0 ,5.0 ,870.0 ,774 ,28.00 
24,382.0 ,0.0 ,0.0 ,186.0 ,0.0 ,1047.0 ,739 ,7.00 
44.52,313.0 ,145.0 ,0.0 ,127.0 ,8.0 ,1000.0 ,822 ,28.00 
44.42,446.0 ,24.0 ,79.0 ,162.0 ,11.6 ,967.0 ,712 ,28.00 
22.72,190.3 ,0.0 ,125.2 ,161.9 ,9.9 ,1088.1 ,803 ,14.00 
24.5,275.0 ,0.0 ,0.0 ,183.0 ,0.0 ,1088.0 ,808 ,28.00 
12.18,194.7 ,0.0 ,100.5 ,170.2 ,7.5 ,998.0 ,902 ,3.00 
56.85,275.1 ,0.0 ,121.4 ,159.5 ,9.9 ,1053.6 ,778 ,56.00 
50.53,288.0 ,192.0 ,0.0 ,192.0 ,0.0 ,932.0 ,718 ,90.00 
37.43,150.0 ,237.0 ,0.0 ,174.0 ,12.0 ,1069.0 ,675 ,28.00 
38.5,212.0 ,0.0 ,124.8 ,159.0 ,7.8 ,1085.4 ,800 ,28.00 
77.3,362.6 ,189.0 ,0.0 ,164.9 ,11.6 ,944.7 ,756 ,56.00 
24.9,212.1 ,0.0 ,121.6 ,180.3 ,5.7 ,1057.6 ,779 ,28.00 
40.86,349.0 ,0.0 ,0.0 ,192.0 ,0.0 ,1056.0 ,809 ,120.00 
77.3,362.6 ,189.0 ,0.0 ,164.9 ,11.6 ,944.7 ,756 ,56.00 
46.2,374.0 ,189.2 ,0.0 ,170.1 ,10.1 ,926.1 ,757 ,7.00 
29.98,350.0 ,0.0 ,0.0 ,203.0 ,0.0 ,974.0 ,775 ,56.00 
23.4,333.0 ,0.0 ,0.0 ,192.0 ,0.0 ,931.2 ,843 ,7.00 
29.23,108.3 ,162.4 ,0.0 ,203.5 ,0.0 ,938.2 ,849 ,90.00 
56.14,342.0 ,38.0 ,0.0 ,228.0 ,0.0 ,932.0 ,670 ,365.00 
14.99,349.0 ,0.0 ,0.0 ,192.0 ,0.0 ,1047.0 ,806 ,3.00 
28.94,133.1 ,210.2 ,0.0 ,195.7 ,3.1 ,949.4 ,795 ,28.00 
25.89,305.3 ,203.5 ,0.0 ,203.5 ,0.0 ,965.4 ,631 ,7.00 
41.67,387.0 ,20.0 ,94.0 ,157.0 ,11.6 ,938.0 ,845 ,7.00 
39.46,159.8 ,250.0 ,0.0 ,168.4 ,12.2 ,1049.3 ,688 ,28.00 
29.72,143.0 ,169.0 ,143.0 ,191.0 ,8.0 ,967.0 ,643 ,28.00 
12.46,154.8 ,0.0 ,142.8 ,193.3 ,9.1 ,1047.4 ,697 ,28.00 
54.1,401.8 ,94.7 ,0.0 ,147.4 ,11.4 ,946.8 ,852 ,7.00 
41.05,349.0 ,0.0 ,0.0 ,192.0 ,0.0 ,1047.0 ,806 ,180.00 
51.73,266.0 ,114.0 ,0.0 ,228.0 ,0.0 ,932.0 ,670 ,270.00 
41.68,203.5 ,305.3 ,0.0 ,203.5 ,0.0 ,963.4 ,630 ,28.00 
48.67,182.0 ,45.2 ,122.0 ,170.2 ,8.2 ,1059.4 ,781 ,100.00 
22.84,233.8 ,0.0 ,94.6 ,197.9 ,4.6 ,947.0 ,852 ,28.00 
71.3,362.6 ,189.0 ,0.0 ,164.9 ,11.6 ,944.7 ,756 ,28.00 
20.73,251.4 ,0.0 ,118.3 ,192.9 ,5.8 ,1043.6 ,754 ,14.00 
71.3,362.6 ,189.0 ,0.0 ,164.9 ,11.6 ,944.7 ,756 ,28.00 
60.29,425.0 ,106.3 ,0.0 ,153.5 ,16.5 ,852.1 ,887 ,28.00 
19.01,153.0 ,145.0 ,0.0 ,178.0 ,8.0 ,1000.0 ,822 ,28.00 
21.29,172.4 ,13.6 ,172.4 ,156.8 ,4.1 ,1006.3 ,856 ,3.00 
49.77,260.0 ,101.0 ,78.0 ,171.0 ,10.0 ,936.0 ,763 ,28.00 
17.54,325.0 ,0.0 ,0.0 ,184.0 ,0.0 ,1063.0 ,783 ,7.00 
14.31,331.0 ,0.0 ,0.0 ,192.0 ,0.0 ,1025.0 ,821 ,3.00 
11.41,200.0 ,133.0 ,0.0 ,192.0 ,0.0 ,965.4 ,806 ,3.00 
52.5,246.8 ,0.0 ,125.1 ,143.3 ,12.0 ,1086.8 ,801 ,28.00 
44.3,198.6 ,132.4 ,0.0 ,192.0 ,0.0 ,978.4 ,826 ,360.00 
22.63,203.5 ,135.7 ,0.0 ,185.7 ,0.0 ,1076.2 ,759 ,28.00 
41.05,313.0 ,145.0 ,0.0 ,178.0 ,8.0 ,1002.0 ,689 ,28.00 
17.17,200.0 ,133.0 ,0.0 ,192.0 ,0.0 ,965.4 ,806 ,7.00 
40.2,469.0 ,117.2 ,0.0 ,137.8 ,32.2 ,852.1 ,841 ,3.00 
38.21,375.0 ,0.0 ,0.0 ,186.0 ,0.0 ,1038.0 ,758 ,28.00 
37.44,382.5 ,0.0 ,0.0 ,185.7 ,0.0 ,1047.8 ,739 ,28.00 
32.07,289.0 ,0.0 ,0.0 ,192.0 ,0.0 ,913.2 ,895 ,90.00 
31.18,322.0 ,0.0 ,116.0 ,196.0 ,10.0 ,818.0 ,813 ,28.00 
32.1,173.0 ,116.0 ,0.0 ,192.0 ,0.0 ,946.8 ,857 ,90.00 
39.66,141.3 ,212.0 ,0.0 ,203.5 ,0.0 ,971.8 ,749 ,90.00 
40.39,190.3 ,0.0 ,125.2 ,161.9 ,9.9 ,1088.1 ,803 ,100.00 
31.9,339.2 ,0.0 ,0.0 ,185.7 ,0.0 ,1069.2 ,754 ,28.00 
40.06,317.9 ,0.0 ,126.5 ,209.7 ,5.7 ,860.5 ,737 ,28.00 
38.6,214.9 ,53.8 ,121.9 ,155.6 ,9.6 ,1014.3 ,781 ,14.00 
33.94,251.8 ,0.0 ,99.9 ,146.1 ,12.4 ,1006.0 ,900 ,28.00 
40.71,222.4 ,0.0 ,96.7 ,189.3 ,4.5 ,967.1 ,870 ,100.00 
17.34,225.0 ,0.0 ,0.0 ,181.0 ,0.0 ,1113.0 ,833 ,28.00 
37.91,166.0 ,260.0 ,0.0 ,183.0 ,13.0 ,859.0 ,827 ,28.00 
49.8,323.7 ,282.8 ,0.0 ,183.8 ,10.3 ,942.7 ,660 ,7.00 
45.85,266.0 ,114.0 ,0.0 ,228.0 ,0.0 ,932.0 ,670 ,28.00 
23.52,149.0 ,118.0 ,92.0 ,183.0 ,7.0 ,953.0 ,780 ,28.00 
16.11,288.0 ,192.0 ,0.0 ,192.0 ,0.0 ,932.0 ,718 ,3.00 
37.91,331.0 ,0.0 ,0.0 ,192.0 ,0.0 ,1025.0 ,821 ,90.00 
18.03,165.0 ,0.0 ,150.0 ,182.0 ,12.0 ,1023.0 ,729 ,28.00 
79.99,540.0 ,0.0 ,0.0 ,162.0 ,2.5 ,1040.0 ,676 ,28.00 
52.04,295.7 ,0.0 ,95.6 ,171.5 ,8.9 ,955.1 ,859 ,100.00 
20.59,108.3 ,162.4 ,0.0 ,203.5 ,0.0 ,938.2 ,849 ,28.00 
21.65,296.0 ,0.0 ,0.0 ,192.0 ,0.0 ,1085.0 ,765 ,28.00 
32.82,380.0 ,95.0 ,0.0 ,228.0 ,0.0 ,932.0 ,594 ,7.00 
67.8,337.9 ,189.0 ,0.0 ,174.9 ,9.5 ,944.7 ,756 ,91.00 
32.05,255.5 ,170.3 ,0.0 ,185.7 ,0.0 ,1026.6 ,724 ,28.00 
53.72,165.0 ,128.5 ,132.1 ,175.1 ,8.1 ,1005.8 ,747 ,56.00 
61.99,218.2 ,54.6 ,123.8 ,140.8 ,11.9 ,1075.7 ,793 ,56.00 
38.46,313.8 ,0.0 ,112.6 ,169.9 ,10.1 ,925.3 ,783 ,28.00 
24.4,286.3 ,200.9 ,0.0 ,144.7 ,11.2 ,1004.6 ,804 ,3.00 
38,286.3 ,200.9 ,0.0 ,144.7 ,11.2 ,1004.6 ,804 ,7.00 
17.6,186.2 ,124.1 ,0.0 ,185.7 ,0.0 ,1083.4 ,764 ,28.00 
64.9,313.3 ,262.2 ,0.0 ,175.5 ,8.6 ,1046.9 ,612 ,56.00 
15.42,144.0 ,0.0 ,175.0 ,158.0 ,18.0 ,943.0 ,844 ,28.00 
41.68,333.0 ,0.0 ,0.0 ,192.0 ,0.0 ,931.2 ,843 ,90.00 
31.03,133.0 ,210.0 ,0.0 ,196.0 ,3.0 ,949.0 ,795 ,28.00 
17.82,168.0 ,42.1 ,163.8 ,121.8 ,5.7 ,1058.7 ,780 ,14.00 
71.62,540.0 ,0.0 ,0.0 ,173.0 ,0.0 ,1125.0 ,613 ,180.00 
55.51,218.2 ,54.6 ,123.8 ,140.8 ,11.9 ,1075.7 ,793 ,28.00 
19.99,146.5 ,114.6 ,89.3 ,201.9 ,8.8 ,860.0 ,830 ,28.00 
19.54,203.5 ,305.3 ,0.0 ,203.5 ,0.0 ,963.4 ,630 ,7.00 
14.7,385.0 ,0.0 ,0.0 ,186.0 ,0.0 ,966.0 ,763 ,3.00 
61.89,540.0 ,0.0 ,0.0 ,162.0 ,2.5 ,1055.0 ,676 ,28.00 
48.59,178.0 ,129.8 ,118.6 ,179.9 ,3.6 ,1007.3 ,747 ,56.00 
9.87,310.0 ,0.0 ,0.0 ,192.0 ,0.0 ,971.0 ,851 ,3.00 
32.66,251.4 ,0.0 ,118.3 ,188.5 ,6.4 ,1028.4 ,758 ,28.00 
9.31,254.0 ,0.0 ,0.0 ,198.0 ,0.0 ,968.0 ,863 ,3.00 
53.52,297.8 ,137.2 ,106.9 ,201.3 ,6.0 ,878.4 ,655 ,28.00 
24.28,173.0 ,116.0 ,0.0 ,192.0 ,0.0 ,946.8 ,857 ,28.00 